ATM1.jpg,ATM4.jpg,HorseRaceTrack.jpg,RVinside2.jpg,ShowJumping7.jpg,airplanecabin1.jpg,airplanecabin3.jpg,airplanecabin5.jpg,airportTerminal2.jpg,airportTerminal3.jpg,airportTerminal4.jpg,airportTerminal6.jpg,alley1.jpg,alley2.jpg,alley3.jpg,alley4.jpg,amusement3.jpg,apartmentBuilding1.jpg,apartmentBuilding2.jpg,apartmentBuilding3.jpg,apartmentBuilding4.jpg,appleorchard2.jpg,appleorchard3.jpg,appleorchard4.jpg,applestore1.jpg,applestore2.jpg,applestore4.jpg,applestore6.jpg,aquarium1.jpg,arcade1.jpg,arcade2.jpg,artStudio1.jpg,artStudio3.jpg,attic1.jpg,attic2.jpg,attic3.jpg,attic4.jpg,auto_showroom1.jpg,auto_showroom3.jpg,auto_showroom4.jpg,auto_showroom5.jpg,backstage1.jpg,backstage2.jpg,backyard1.jpg,backyard2.jpg,backyard5.jpg,backyard6.jpg,baggageClaim1.jpg,baggageClaim2.jpg,baggageClaim3.jpg,baggageClaim4.jpg,balconyIN.jpg,balconyIN2.jpg,ballroom1.jpg,ballroom2.jpg,ballroom3.jpg,ballroom4.jpg,bambooforest.jpg,bambooforest3.jpg,bambooforest4.jpg,bambooforest5.jpg,banquetHall2.jpg,banquetHall4.jpg,banquetHall6.jpg,bar.jpg,bar2.jpg,bar8.jpg,barbershop2.jpg,barbershop3.jpg,baseball6.jpg,basement.jpg,basement5.jpg,basement6.jpg,basketballcourt.jpg,basketballcourt3.jpg,basketballcourt4.jpg,basketballcourt7.jpg,baywindow5.jpg,beach1.jpeg,beach2.jpg,bedroom6.jpg,bikerack1.jpg,bistrooutdoor5.jpg,bistrooutdoor6.jpg,bleachers5.jpg,bleachers6.jpg,bleachers7.jpg,bleachers8.jpg,boardwalk.jpg,boardwalk2.jpg,boardwalk4.jpg,boardwalk6.jpg,botanicalGarden4.jpg,botanicalGarden5.jpg,botanicalGarden6.jpg,botanicalGarden7.jpg,bowlingalley3.jpg,bowlingalley5.jpg,breakroom2.jpg,breakroom4.jpg,breakroom5.jpg,brewery2.jpg,brewery4.jpg,bridalboutique2.jpg,bridalboutique3.jpg,bus_shelter.jpg,bus_shelter3.jpg,cabin3.jpg,cabin4.jpg,cabinIndoors.jpg,cabinIndoors5.jpg,cafeteria1.jpg,cafeteria5.jpg,cafeteria6.jpg,campsite.jpg,campsite3.jpg,campsite6.jpg,campsite7.jpg,campusquad1.jpg,campusquad2.jpg,campusquad3.jpg,campusquad4.jpg,cargo5.jpg,carmechanic.jpg,carmechanic2.jpg,carmechanic4.jpeg,casino1.jpg,casino3.jpg,castle2.jpg,castle3.jpg,castle4.jpg,cave.jpg,cave4.jpg,cave5.jpg,cave6.jpg,cemetery.jpg,cemetery3.jpg,cemetery5.jpg,cemetery6.jpg,checkoutcounter2.jpg,checkoutcounter9.jpg,church3.jpg,church4.jpg,church6.jpg,church8.jpg,churchInside1.jpg,churchInside3.jpg,churchInside4.jpg,citystreet10.jpg,citystreet9.jpg,classroom1.jpg,cliff2.jpg,cliff3.jpg,cliff5.jpg,closet.jpg,clothingstore2.jpg,clothingstore3.jpg,clothingstore5.jpg,conference3.jpg,conference4.jpg,constructionSite2.jpg,constructionSite4.jpg,copyroom2.jpg,cornfield2.jpg,cornfield4.jpg,courthouse1.jpg,courthouse2.jpg,courthouse4.jpg,courtroom2.jpg,courtroom3.jpg,cubicle4.jpg,cubicle7.jpg,dancestudio5.jpg,dancestudio6.jpg,deck1.jpg,deck2.jpg,deck4.jpg,deck5.jpg,dentist2.jpg,dentist4.jpg,desertvegetation2.jpg,desertvegetation3.jpg,desertvegetation6.jpg,diner10.jpg,diner11.jpg,diner12.jpg,diner14.jpg,dining_car.jpg,dining_car2.jpg,dining_car3.jpg,dining_car6.jpg,diningroom1.jpg,diningroom3.jpg,diningroom5.jpg,dinosaur4.jpg,dock1.jpg,dock2.jpg,dock3.jpg,dock4.jpg,doctor1.jpg,dormroom6.jpg,dormroom9.jpg,driveway4.jpg,driveway6.jpg,driveway7.jpg,driveway8.jpg,drycleaners4.jpg,drycleaners6.jpg,drymountains.jpg,drymountains3.jpg,drymountains5.jpg,drymountains6.jpg,dugout1.jpg,dugout2.jpg,dugout4.jpg,elevatorOutside1.jpg,elevatorOutside2.jpg,elevatorOutside4.jpg,exerciseequipment3.jpg,exerciseequipment5.jpg,eyeglassstore9.jpg,fabricstore1.jpg,fabricstore2.jpg,factory1.jpg,farm1.jpg,farm2.jpg,farm3.jpg,farm4.jpg,farmersmarket4.jpg,fireplace4.jpg,firestation2.jpg,firestation3.jpg,firestation4.jpg,firestation5.jpg,fittingroom2.jpg,fittingroom5.jpg,flowershop.jpg,flowershop3.jpg,foodcourt.jpg,foodcourt6.jpg,forestpath10.jpg,forestpath2.jpg,forestpath4.jpg,forestpath6.jpg,fountain.jpg,fountain4.jpg,fountain7.jpg,frontDoor.jpg,frontDoor2.jpg,frontDoor3.jpg,frontDoor5.jpg,frontFoyer.jpg,frontFoyer4.jpg,frontFoyer6.jpg,frontFoyer7.jpg,frontLawn2.jpg,frontLawn3.jpg,frontLawn4.jpg,frontLawn5.jpg,gasstation2.jpg,gasstation6.jpg,gasstation7.jpg,gasstation8.jpg,gazebo.jpg,gazebo2.jpg,gazebo3.jpg,gazebo5.jpg,golfcourse10.jpg,golfcourse6.jpg,golfcourse7.jpg,greenhouse.jpg,greenhouse2.jpg,greenhouse5.jpg,greenmountains.jpg,grocerystore2.jpg,grocerystore3.jpg,grocerystore5.jpg,grocerystore6.jpg,hallway.jpg,hallway2.jpg,hallway4.jpg,hallway5.jpg,hardwarestore1.jpg,hayfield4.jpg,hayfield5.jpg,hayfield6.jpg,hayfield7.jpg,hedgemaze1.jpg,highway.jpg,highway2.jpg,highway4.jpg,highway7.jpg,homegarage.jpg,homegarage2.jpg,homegarage3.jpg,homegarage4.jpg,homegarden6.jpg,homegarden7.jpg,homeoffice.jpg,homeoffice8.jpg,hometheater2.jpg,horsebarn11.jpg,horsebarn8.jpg,horsebarn9.jpg,hospitalroom2.jpg,hospitalroom3.jpg,hotelRoom2.jpg,hotelRoom3.jpg,hotelRoom7.jpg,hotellobby2.jpg,hut1.jpg,hut2.jpg,hut3.jpg,hut5.jpg,icecream2.jpg,igloo.jpg,igloo2.jpg,igloo4.jpg,igloo5.jpg,jail1.jpg,jewelrystore.jpg,jewelrystore8.jpg,kindergarten_classroom.jpg,kindergarten_classroom5.jpg,kindergarten_classroom6.jpg,kindergarten_classroom7.jpg,lab1.jpg,lab3.jpg,lab4.jpg,lab5.jpg,labClass7.jpg,laundromat2.jpeg,laundromat3.jpg,laundromat4.jpg,library_aisle10.jpg,library_aisle3.jpg,library_aisle8.jpg,library_aisle9.jpg,lightingstore2.jpg,lightingstore3.jpg,lightingstore4.jpg,liquorstore.jpg,liquorstore2.jpg,liquorstore7.jpg,liquorstore8.jpg,livingroom.jpg,lockerroom.jpg,lockerroom2.jpg,lockerroom3.jpg,lockerroom4.jpg,lookout4.jpg,mallindoor6.jpg,metroInside1.jpg,metroInside2.jpg,metroInside3.jpg,metroInside4.jpg,minigolf.jpg,minigolf8.jpg,museum3.jpg,museum4.jpg,museum5.jpg,museum6.jpg,musicStore1.jpg,musicStore3.jpg,newsstand2.jpg,newsstand5.jpg,newsstand7.jpg,nursery.jpg,nursery4.jpg,observatory1.jpg,observatory2.jpg,observatory4.jpeg,office3.jpg,operatingroom1.jpg,operatingroom4.jpg,pantry5.jpg,park.jpg,park2.jpg,park7.jpg,park8.jpg,parkinggarage.jpg,parkinggarage2.jpg,parkinggarage3.jpg,parkinggarage4.jpg,parkinglot.jpg,parkinglot2.jpg,parkinglot3.jpg,pasture.jpg,pasture8.jpg,pasture9.jpg,pavilion.jpg,pavilion2.jpg,pavilion3.jpg,pavilion5.jpg,pharmacy4.jpg,photographer_studio2.jpg,pier2.jpg,pier5.jpg,playground10.jpg,playground6.jpg,playground9.jpg,playroom4.jpg,playroom6.jpg,poolhall1.jpg,poolhall2.jpeg,poolhall5.jpg,porch.jpg,postoffice4.jpg,promenadeDeck.jpg,promenadeDeck2.jpg,promenadeDeck3.jpg,promenadeDeck6.jpg,publicrestroom2.jpg,racecarcourse2.jpg,rainforest5.jpg,readingroom1.jpg,readingroom2.jpg,readingroom4.jpg,readingroom5.jpg,recordingstudio4.jpg,restaurant13.jpg,restaurant14.jpg,restaurant8.jpg,restaurantkitchen2.jpg,rooftop1.jpg,rooftop2.jpg,rooftop3.jpg,rooftop4.jpg,ruralroad2.jpg,ruralroad3.jpg,ruralroad5.jpg,ruralroad7.jpg,sandDunes_desert_outdoor.jpg,sandDunes_desert_outdoor3.jpg,sandDunes_desert_outdoor8.jpg,sandDunes_desert_outdoor9.jpg,sandbox.jpg,savanna.jpg,savanna5.jpg,sculpturegarden1.jpg,sculpturegarden2.jpg,sculpturegarden3.jpg,sculpturegarden4.jpg,shoestore2.jpg,shoestore4.jpg,sidewalk1.jpg,sidewalk2.jpg,sidewalk3.jpg,sidewalk5.jpg,skatepark5.jpg,skatepark7.jpg,soccerfield.jpg,soccerfield2.jpg,staircase.jpg,staircase4.jpg,staircase6.jpg,staircase7.jpg,stripmall.jpg,stripmall3.jpg,stripmall6.jpg,tenniscourt.jpg,tenniscourt3.jpg,theater2.jpg,ticket_counter6.jpg,tollbooth8.jpg,track.jpg,track5.jpg,trainStation1.jpg,trainStation3.jpg,trainStation5.jpg,treehouse.jpg,tvstudio2.jpg,tvstudio3.jpg,volleyballcourt.jpg,volleyballcourt4.jpg,waitingroom2.jpg,waitingroom3.jpg,waitingroom4.jpg,warehouse1.jpg,warehouse2.jpg,warehouse3.jpg,warehouse4.jpg,warehouseoutside1.jpg,warehouseoutside2.jpg,warehouseoutside3.jpg,warehouseoutside4.jpg,weightroom.jpg,weightroom4.jpg,weightroom5.jpg,windmill1.jpg,windmill2.jpg,wineVineyard2.jpg,wineVineyard8.jpg,wineVineyard9.jpg,winebarrel2.jpg,winebarrel3.jpg,winebarrel4.jpg,wrestlingring7.jpg,yogastudio1.jpg,yogastudio4.jpg
NaN,NaN,NaN,NaN,NaN,NaN,NaN,NaN,NaN,NaN,NaN,NaN,NaN,-0.4326047,NaN,NaN,NaN,-0.2667331,NaN,NaN,NaN,NaN,NaN,NaN,NaN,NaN,NaN,NaN,NaN,-0.8019232,NaN,NaN,NaN,-0.4769382,NaN,NaN,NaN,NaN,NaN,NaN,NaN,NaN,NaN,NaN,NaN,NaN,NaN,NaN,-0.6427434,NaN,NaN,NaN,NaN,NaN,NaN,NaN,NaN,-0.7829252,NaN,NaN,NaN,-0.7729469,-0.3915382,-0.7574053,NaN,-0.8073632,NaN,NaN,-0.3626992,NaN,NaN,NaN,NaN,NaN,NaN,-0.361556,NaN,NaN,NaN,NaN,-0.5553874,NaN,NaN,NaN,NaN,NaN,NaN,NaN,NaN,NaN,NaN,NaN,NaN,NaN,NaN,NaN,-0.7598843,NaN,NaN,NaN,-0.5436131,NaN,NaN,NaN,NaN,NaN,NaN,NaN,NaN,NaN,NaN,NaN,-0.4149835,-0.5241091,NaN,NaN,-0.8043527,NaN,NaN,NaN,NaN,NaN,NaN,NaN,NaN,NaN,-0.6887286,-0.6604729,NaN,NaN,NaN,-0.3246181,NaN,NaN,NaN,NaN,NaN,NaN,-1.178554,NaN,NaN,NaN,NaN,-1.031962,-0.9397638,NaN,NaN,NaN,NaN,NaN,NaN,NaN,-0.6395328,NaN,NaN,NaN,NaN,NaN,-0.4328375,NaN,NaN,NaN,NaN,NaN,-0.2654009,NaN,NaN,NaN,NaN,-0.4518262,NaN,NaN,-0.7748343,NaN,NaN,-0.6899435,NaN,NaN,NaN,NaN,NaN,-0.315018,-0.7632347,NaN,NaN,-0.3705192,NaN,NaN,NaN,NaN,NaN,-0.6519688,NaN,-0.6282215,NaN,NaN,NaN,-0.2581989,NaN,NaN,NaN,-0.9735544,-0.4124535,NaN,NaN,NaN,NaN,NaN,NaN,NaN,NaN,NaN,NaN,NaN,NaN,NaN,NaN,-0.4964243,NaN,NaN,-0.5078801,NaN,NaN,NaN,-0.7716526,NaN,-0.4015703,NaN,NaN,NaN,NaN,-0.3525165,NaN,NaN,NaN,NaN,NaN,NaN,NaN,NaN,-0.3730398,NaN,NaN,NaN,NaN,NaN,NaN,NaN,NaN,NaN,NaN,NaN,-0.4181997,NaN,-0.4951942,NaN,NaN,NaN,-0.2615561,NaN,NaN,NaN,-0.6975797,NaN,NaN,NaN,NaN,NaN,-0.6712512,NaN,NaN,NaN,-0.9867902,NaN,NaN,NaN,NaN,-0.7438527,NaN,NaN,NaN,-0.6956732,-0.4405948,NaN,NaN,NaN,NaN,NaN,NaN,NaN,NaN,NaN,NaN,NaN,NaN,NaN,NaN,NaN,-0.4412653,NaN,NaN,-0.4879987,NaN,NaN,NaN,NaN,NaN,-0.4485605,NaN,NaN,NaN,NaN,-0.4544784,NaN,NaN,NaN,NaN,NaN,NaN,-0.4074518,NaN,NaN,NaN,NaN,NaN,NaN,-0.4585874,NaN,NaN,NaN,NaN,NaN,NaN,NaN,NaN,NaN,-0.7898961,NaN,NaN,-0.2635803,NaN,NaN,NaN,NaN,NaN,NaN,NaN,NaN,NaN,NaN,NaN,NaN,NaN,NaN,NaN,-0.2581989,-0.3587545,NaN,NaN,NaN,NaN,-0.4457773,NaN,NaN,NaN,-0.6749675,-0.9531059,NaN,NaN,NaN,NaN,NaN,-0.8322049,NaN,NaN,NaN,NaN,NaN,-0.9930283,NaN,NaN,NaN,NaN,NaN,-0.7128286,-0.263315,NaN,NaN,NaN,NaN,-0.8416517,NaN,NaN,-0.3730784,-0.2637981,-0.375746,NaN,NaN,-0.7542435,-0.2877815,NaN,-0.4617618,-0.4997444,-0.4499342,-0.51061,NaN,NaN,NaN,NaN,NaN,NaN,NaN,NaN,-0.6837867,NaN,NaN,NaN,NaN,NaN,NaN,NaN,NaN,NaN,NaN,NaN,NaN,NaN,NaN,NaN,NaN,-0.460968,NaN,NaN,NaN,NaN,-0.5946897,NaN,NaN,NaN,-0.444037,NaN,NaN,NaN,NaN,NaN,NaN,-0.3174372,NaN,-0.2654009,NaN,NaN,NaN,NaN,NaN,NaN,NaN,NaN,-0.6323441,NaN,NaN,NaN,NaN,-0.8049109,NaN,NaN,-0.2963762,-0.2677323,-0.2700089,NaN,-0.3462562,NaN,NaN,NaN,-0.5594667,-0.4731336,NaN,-0.5902813,NaN,NaN,-0.2631472,NaN,NaN,-0.7561972,NaN,NaN,NaN,NaN,NaN,NaN,NaN,NaN,-0.4526125,-0.2677105,NaN,NaN,NaN,NaN,NaN,NaN,-0.8221025
NaN,NaN,NaN,NaN,NaN,NaN,NaN,NaN,NaN,NaN,NaN,NaN,NaN,-0.4326047,NaN,NaN,NaN,-0.2667331,NaN,NaN,NaN,NaN,NaN,NaN,NaN,NaN,NaN,NaN,NaN,-0.8019232,NaN,NaN,NaN,-0.4769382,NaN,NaN,NaN,NaN,NaN,NaN,NaN,NaN,NaN,NaN,NaN,NaN,NaN,NaN,-0.6427434,NaN,NaN,NaN,NaN,NaN,NaN,NaN,NaN,-0.7829252,NaN,NaN,NaN,-0.7729469,-0.3915382,-0.7574053,NaN,-0.8073632,NaN,NaN,-0.3626992,NaN,NaN,NaN,NaN,NaN,NaN,-0.361556,NaN,NaN,NaN,NaN,-0.5553874,NaN,NaN,NaN,NaN,NaN,NaN,NaN,NaN,NaN,NaN,NaN,NaN,NaN,NaN,NaN,-0.7598843,NaN,NaN,NaN,-0.5436131,NaN,NaN,NaN,NaN,NaN,NaN,NaN,NaN,NaN,NaN,NaN,-0.4149835,-0.5241091,NaN,NaN,-0.8043527,NaN,NaN,NaN,NaN,NaN,NaN,NaN,NaN,NaN,-0.6887286,-0.6604729,NaN,NaN,NaN,-0.3246181,NaN,NaN,NaN,NaN,NaN,NaN,-1.178554,NaN,NaN,NaN,NaN,-1.031962,-0.8921406,NaN,NaN,NaN,NaN,NaN,NaN,NaN,-0.6395328,NaN,NaN,NaN,NaN,NaN,-0.4328375,NaN,NaN,NaN,NaN,NaN,-0.2654009,NaN,NaN,NaN,NaN,-0.4518262,NaN,NaN,-0.7748343,NaN,NaN,-0.6899435,NaN,NaN,NaN,NaN,NaN,-0.315018,-0.7632347,NaN,NaN,-0.3705192,NaN,NaN,NaN,NaN,NaN,-0.6519688,NaN,-0.6282215,NaN,NaN,NaN,-0.2581989,NaN,NaN,NaN,-0.9735544,-0.4124535,NaN,NaN,NaN,NaN,NaN,NaN,NaN,NaN,NaN,NaN,NaN,NaN,NaN,NaN,-0.4964243,NaN,NaN,-0.5078801,NaN,NaN,NaN,-0.7716526,NaN,-0.4015703,NaN,NaN,NaN,NaN,-0.3525165,NaN,NaN,NaN,NaN,NaN,NaN,NaN,NaN,-0.3730398,NaN,NaN,NaN,NaN,NaN,NaN,NaN,NaN,NaN,NaN,NaN,-0.4181997,NaN,-0.4951942,NaN,NaN,NaN,-0.2615561,NaN,NaN,NaN,-0.6975797,NaN,NaN,NaN,NaN,NaN,-0.6712512,NaN,NaN,NaN,-0.9867902,NaN,NaN,NaN,NaN,-0.7438527,NaN,NaN,NaN,-0.6956732,-0.4405948,NaN,NaN,NaN,NaN,NaN,NaN,NaN,NaN,NaN,NaN,NaN,NaN,NaN,NaN,NaN,-0.4412653,NaN,NaN,-0.4879987,NaN,NaN,NaN,NaN,NaN,-0.4485605,NaN,NaN,NaN,NaN,-0.4544784,NaN,NaN,NaN,NaN,NaN,NaN,-0.4074518,NaN,NaN,NaN,NaN,NaN,NaN,-0.4585874,NaN,NaN,NaN,NaN,NaN,NaN,NaN,NaN,NaN,-0.7898961,NaN,NaN,-0.2635803,NaN,NaN,NaN,NaN,NaN,NaN,NaN,NaN,NaN,NaN,NaN,NaN,NaN,NaN,NaN,-0.2581989,-0.3587545,NaN,NaN,NaN,NaN,-0.4457773,NaN,NaN,NaN,-0.6749675,-0.9531059,NaN,NaN,NaN,NaN,NaN,-0.8322049,NaN,NaN,NaN,NaN,NaN,-0.9930283,NaN,NaN,NaN,NaN,NaN,-0.7128286,-0.263315,NaN,NaN,NaN,NaN,-0.8416517,NaN,NaN,-0.3730784,-0.2637981,-0.375746,NaN,NaN,-0.7542435,-0.2877815,NaN,-0.4617618,-0.4997444,-0.4499342,-0.51061,NaN,NaN,NaN,NaN,NaN,NaN,NaN,NaN,-0.6837867,NaN,NaN,NaN,NaN,NaN,NaN,NaN,NaN,NaN,NaN,NaN,NaN,NaN,NaN,NaN,NaN,-0.460968,NaN,NaN,NaN,NaN,-0.5946897,NaN,NaN,NaN,-0.444037,NaN,NaN,NaN,NaN,NaN,NaN,-0.3174372,NaN,-0.2654009,NaN,NaN,NaN,NaN,NaN,NaN,NaN,NaN,-0.6323441,NaN,NaN,NaN,NaN,-0.8049109,NaN,NaN,-0.2963762,-0.2677323,-0.2700089,NaN,-0.3462562,NaN,NaN,NaN,-0.5594667,-0.4731336,NaN,-0.5902813,NaN,NaN,-0.2631472,NaN,NaN,-0.7561972,NaN,NaN,NaN,NaN,NaN,NaN,NaN,NaN,-0.4526125,-0.2677105,NaN,NaN,NaN,NaN,NaN,NaN,-0.8221025
NaN,NaN,NaN,NaN,NaN,NaN,NaN,NaN,NaN,NaN,NaN,NaN,NaN,-0.4326047,NaN,NaN,NaN,-0.2667331,NaN,NaN,NaN,NaN,NaN,NaN,NaN,NaN,NaN,NaN,NaN,-0.8019232,NaN,NaN,NaN,-0.4769382,NaN,NaN,NaN,NaN,NaN,NaN,NaN,NaN,NaN,NaN,NaN,NaN,NaN,NaN,-0.6427434,NaN,NaN,NaN,NaN,NaN,NaN,NaN,NaN,-0.7829252,NaN,NaN,NaN,-0.7729469,-0.3915382,-0.7574053,NaN,-0.8073632,NaN,NaN,-0.3626992,NaN,NaN,NaN,NaN,NaN,NaN,-0.361556,NaN,NaN,NaN,NaN,-0.5553874,NaN,NaN,NaN,NaN,NaN,NaN,NaN,NaN,NaN,NaN,NaN,NaN,NaN,NaN,NaN,-0.7598843,NaN,NaN,NaN,-0.5436131,NaN,NaN,NaN,NaN,NaN,NaN,NaN,NaN,NaN,NaN,NaN,-0.4149835,-0.5241091,NaN,NaN,-0.5362352,NaN,NaN,NaN,NaN,NaN,NaN,NaN,NaN,NaN,-0.6887286,-0.6604729,NaN,NaN,NaN,-0.3246181,NaN,NaN,NaN,NaN,NaN,NaN,-1.178554,NaN,NaN,NaN,NaN,-1.031962,0.9651628,NaN,NaN,NaN,NaN,NaN,NaN,NaN,-0.1863206,NaN,NaN,NaN,NaN,NaN,-0.4328375,NaN,NaN,NaN,NaN,NaN,-0.2654009,NaN,NaN,NaN,NaN,-0.4518262,NaN,NaN,-0.7748343,NaN,NaN,-0.6899435,NaN,NaN,NaN,NaN,NaN,-0.315018,-0.7632347,NaN,NaN,-0.3705192,NaN,NaN,NaN,NaN,NaN,-0.6519688,NaN,-0.6282215,NaN,NaN,NaN,-0.2581989,NaN,NaN,NaN,-0.9735544,-0.4124535,NaN,NaN,NaN,NaN,NaN,NaN,NaN,NaN,NaN,NaN,NaN,NaN,NaN,NaN,-0.4964243,NaN,NaN,-0.5078801,NaN,NaN,NaN,-0.7716526,NaN,-0.4015703,NaN,NaN,NaN,NaN,-0.3525165,NaN,NaN,NaN,NaN,NaN,NaN,NaN,NaN,-0.3730398,NaN,NaN,NaN,NaN,NaN,NaN,NaN,NaN,NaN,NaN,NaN,-0.4181997,NaN,-0.4951942,NaN,NaN,NaN,-0.2615561,NaN,NaN,NaN,-0.6975797,NaN,NaN,NaN,NaN,NaN,-0.6712512,NaN,NaN,NaN,-0.3595931,NaN,NaN,NaN,NaN,-0.7438527,NaN,NaN,NaN,-0.6956732,-0.4405948,NaN,NaN,NaN,NaN,NaN,NaN,NaN,NaN,NaN,NaN,NaN,NaN,NaN,NaN,NaN,-0.4412653,NaN,NaN,-0.4879987,NaN,NaN,NaN,NaN,NaN,-0.4485605,NaN,NaN,NaN,NaN,-0.4544784,NaN,NaN,NaN,NaN,NaN,NaN,-0.4074518,NaN,NaN,NaN,NaN,NaN,NaN,-0.4585874,NaN,NaN,NaN,NaN,NaN,NaN,NaN,NaN,NaN,-0.7898961,NaN,NaN,-0.2635803,NaN,NaN,NaN,NaN,NaN,NaN,NaN,NaN,NaN,NaN,NaN,NaN,NaN,NaN,NaN,-0.2581989,-0.3587545,NaN,NaN,NaN,NaN,-0.4457773,NaN,NaN,NaN,-0.6749675,-0.2271073,NaN,NaN,NaN,NaN,NaN,-0.8322049,NaN,NaN,NaN,NaN,NaN,-0.9930283,NaN,NaN,NaN,NaN,NaN,-0.7128286,-0.263315,NaN,NaN,NaN,NaN,-0.8416517,NaN,NaN,-0.3730784,-0.2637981,-0.375746,NaN,NaN,-0.7542435,-0.2877815,NaN,-0.4617618,-0.4997444,-0.4499342,-0.51061,NaN,NaN,NaN,NaN,NaN,NaN,NaN,NaN,-0.6837867,NaN,NaN,NaN,NaN,NaN,NaN,NaN,NaN,NaN,NaN,NaN,NaN,NaN,NaN,NaN,NaN,-0.460968,NaN,NaN,NaN,NaN,-0.5946897,NaN,NaN,NaN,-0.444037,NaN,NaN,NaN,NaN,NaN,NaN,-0.3174372,NaN,-0.2654009,NaN,NaN,NaN,NaN,NaN,NaN,NaN,NaN,-0.6323441,NaN,NaN,NaN,NaN,-0.8049109,NaN,NaN,-0.2963762,-0.2677323,-0.2700089,NaN,-0.3462562,NaN,NaN,NaN,-0.5594667,-0.4731336,NaN,-0.5902813,NaN,NaN,-0.2631472,NaN,NaN,-0.7561972,NaN,NaN,NaN,NaN,NaN,NaN,NaN,NaN,-0.4526125,-0.2677105,NaN,NaN,NaN,NaN,NaN,NaN,-0.8221025
NaN,NaN,NaN,NaN,NaN,NaN,NaN,NaN,NaN,NaN,NaN,NaN,NaN,-0.4326047,NaN,NaN,NaN,-0.2667331,NaN,NaN,NaN,NaN,NaN,NaN,NaN,NaN,NaN,NaN,NaN,-0.8019232,NaN,NaN,NaN,-0.4769382,NaN,NaN,NaN,NaN,NaN,NaN,NaN,NaN,NaN,NaN,NaN,NaN,NaN,NaN,0.9913501,NaN,NaN,NaN,NaN,NaN,NaN,NaN,NaN,-0.7829252,NaN,NaN,NaN,-0.7729469,-0.1550386,-0.7574053,NaN,-0.8073632,NaN,NaN,-0.3626992,NaN,NaN,NaN,NaN,NaN,NaN,-0.361556,NaN,NaN,NaN,NaN,-0.5553874,NaN,NaN,NaN,NaN,NaN,NaN,NaN,NaN,NaN,NaN,NaN,NaN,NaN,NaN,NaN,-0.7598843,NaN,NaN,NaN,-0.5436131,NaN,NaN,NaN,NaN,NaN,NaN,NaN,NaN,NaN,NaN,NaN,-0.4149835,-0.5241091,NaN,NaN,0.9048968,NaN,NaN,NaN,NaN,NaN,NaN,NaN,NaN,NaN,-0.3935592,-0.6604729,NaN,NaN,NaN,-0.3246181,NaN,NaN,NaN,NaN,NaN,NaN,0.5147707,NaN,NaN,NaN,NaN,0.319763,0.2031922,NaN,NaN,NaN,NaN,NaN,NaN,NaN,2.532953,NaN,NaN,NaN,NaN,NaN,-0.4328375,NaN,NaN,NaN,NaN,NaN,-0.2654009,NaN,NaN,NaN,NaN,-0.4518262,NaN,NaN,-0.7748343,NaN,NaN,-0.6899435,NaN,NaN,NaN,NaN,NaN,-0.315018,-0.7632347,NaN,NaN,-0.3705192,NaN,NaN,NaN,NaN,NaN,-0.6519688,NaN,-0.6282215,NaN,NaN,NaN,-0.2581989,NaN,NaN,NaN,-0.9735544,-0.4124535,NaN,NaN,NaN,NaN,NaN,NaN,NaN,NaN,NaN,NaN,NaN,NaN,NaN,NaN,-0.4680031,NaN,NaN,-0.4662506,NaN,NaN,NaN,-0.7716526,NaN,-0.4015703,NaN,NaN,NaN,NaN,-0.3525165,NaN,NaN,NaN,NaN,NaN,NaN,NaN,NaN,-0.3730398,NaN,NaN,NaN,NaN,NaN,NaN,NaN,NaN,NaN,NaN,NaN,-0.4181997,NaN,-0.4951942,NaN,NaN,NaN,-0.2615561,NaN,NaN,NaN,-0.6975797,NaN,NaN,NaN,NaN,NaN,-0.6712512,NaN,NaN,NaN,1.2084,NaN,NaN,NaN,NaN,-0.6618102,NaN,NaN,NaN,0.07098703,-0.4405948,NaN,NaN,NaN,NaN,NaN,NaN,NaN,NaN,NaN,NaN,NaN,NaN,NaN,NaN,NaN,-0.4412653,NaN,NaN,-0.4879987,NaN,NaN,NaN,NaN,NaN,-0.4485605,NaN,NaN,NaN,NaN,-0.4544784,NaN,NaN,NaN,NaN,NaN,NaN,-0.4074518,NaN,NaN,NaN,NaN,NaN,NaN,-0.4585874,NaN,NaN,NaN,NaN,NaN,NaN,NaN,NaN,NaN,-0.7898961,NaN,NaN,-0.2635803,NaN,NaN,NaN,NaN,NaN,NaN,NaN,NaN,NaN,NaN,NaN,NaN,NaN,NaN,NaN,-0.2581989,-0.3587545,NaN,NaN,NaN,NaN,-0.4457773,NaN,NaN,NaN,-0.6128539,0.3871992,NaN,NaN,NaN,NaN,NaN,-0.8322049,NaN,NaN,NaN,NaN,NaN,-0.4809981,NaN,NaN,NaN,NaN,NaN,-0.7128286,-0.263315,NaN,NaN,NaN,NaN,-0.8416517,NaN,NaN,-0.3730784,-0.2637981,-0.375746,NaN,NaN,-0.7542435,-0.2877815,NaN,-0.4617618,-0.4997444,-0.4499342,-0.51061,NaN,NaN,NaN,NaN,NaN,NaN,NaN,NaN,-0.6837867,NaN,NaN,NaN,NaN,NaN,NaN,NaN,NaN,NaN,NaN,NaN,NaN,NaN,NaN,NaN,NaN,-0.460968,NaN,NaN,NaN,NaN,-0.5946897,NaN,NaN,NaN,-0.444037,NaN,NaN,NaN,NaN,NaN,NaN,-0.3174372,NaN,-0.2654009,NaN,NaN,NaN,NaN,NaN,NaN,NaN,NaN,2.529376,NaN,NaN,NaN,NaN,-0.8049109,NaN,NaN,-0.2963762,-0.2677323,-0.2700089,NaN,-0.3462562,NaN,NaN,NaN,-0.5594667,-0.4731336,NaN,-0.5902813,NaN,NaN,-0.2631472,NaN,NaN,-0.4101408,NaN,NaN,NaN,NaN,NaN,NaN,NaN,NaN,-0.4526125,-0.2677105,NaN,NaN,NaN,NaN,NaN,NaN,-0.8221025
NaN,NaN,NaN,NaN,NaN,NaN,NaN,NaN,NaN,NaN,NaN,NaN,NaN,-0.4326047,NaN,NaN,NaN,-0.2667331,NaN,NaN,NaN,NaN,NaN,NaN,NaN,NaN,NaN,NaN,NaN,-0.4247119,NaN,NaN,NaN,-0.4769382,NaN,NaN,NaN,NaN,NaN,NaN,NaN,NaN,NaN,NaN,NaN,NaN,NaN,NaN,0.3050308,NaN,NaN,NaN,NaN,NaN,NaN,NaN,NaN,0.3406349,NaN,NaN,NaN,1.343106,3.510705,0.007282771,NaN,1.448024,NaN,NaN,-0.3626992,NaN,NaN,NaN,NaN,NaN,NaN,-0.361556,NaN,NaN,NaN,NaN,-0.5553874,NaN,NaN,NaN,NaN,NaN,NaN,NaN,NaN,NaN,NaN,NaN,NaN,NaN,NaN,NaN,-0.7598843,NaN,NaN,NaN,0.9215941,NaN,NaN,NaN,NaN,NaN,NaN,NaN,NaN,NaN,NaN,NaN,-0.4149835,0.1111747,NaN,NaN,0.1005441,NaN,NaN,NaN,NaN,NaN,NaN,NaN,NaN,NaN,0.3846147,2.677787,NaN,NaN,NaN,-0.3246181,NaN,NaN,NaN,NaN,NaN,NaN,1.530766,NaN,NaN,NaN,NaN,1.322656,-0.03492367,NaN,NaN,NaN,NaN,NaN,NaN,NaN,1.777599,NaN,NaN,NaN,NaN,NaN,-0.4328375,NaN,NaN,NaN,NaN,NaN,-0.2654009,NaN,NaN,NaN,NaN,3.215393,NaN,NaN,-0.7748343,NaN,NaN,-0.6899435,NaN,NaN,NaN,NaN,NaN,-0.315018,-0.7632347,NaN,NaN,3.527151,NaN,NaN,NaN,NaN,NaN,1.443645,NaN,0.004688215,NaN,NaN,NaN,-0.2581989,NaN,NaN,NaN,0.3595283,-0.4124535,NaN,NaN,NaN,NaN,NaN,NaN,NaN,NaN,NaN,NaN,NaN,NaN,NaN,NaN,1.834117,NaN,NaN,2.531075,NaN,NaN,NaN,-0.7716526,NaN,0.2089251,NaN,NaN,NaN,NaN,-0.3525165,NaN,NaN,NaN,NaN,NaN,NaN,NaN,NaN,0.1356509,NaN,NaN,NaN,NaN,NaN,NaN,NaN,NaN,NaN,NaN,NaN,-0.4181997,NaN,-0.2377913,NaN,NaN,NaN,-0.2615561,NaN,NaN,NaN,-0.4343421,NaN,NaN,NaN,NaN,NaN,-0.521344,NaN,NaN,NaN,0.7693619,NaN,NaN,NaN,NaN,2.332744,NaN,NaN,NaN,0.1561715,-0.4405948,NaN,NaN,NaN,NaN,NaN,NaN,NaN,NaN,NaN,NaN,NaN,NaN,NaN,NaN,NaN,-0.4412653,NaN,NaN,0.9062833,NaN,NaN,NaN,NaN,NaN,-0.4485605,NaN,NaN,NaN,NaN,-0.4544784,NaN,NaN,NaN,NaN,NaN,NaN,-0.1761954,NaN,NaN,NaN,NaN,NaN,NaN,-0.4585874,NaN,NaN,NaN,NaN,NaN,NaN,NaN,NaN,NaN,-0.7898961,NaN,NaN,-0.2635803,NaN,NaN,NaN,NaN,NaN,NaN,NaN,NaN,NaN,NaN,NaN,NaN,NaN,NaN,NaN,-0.2581989,-0.3587545,NaN,NaN,NaN,NaN,-0.2103315,NaN,NaN,NaN,2.585995,0.163815,NaN,NaN,NaN,NaN,NaN,1.169301,NaN,NaN,NaN,NaN,NaN,1.148189,NaN,NaN,NaN,NaN,NaN,0.4986288,-0.263315,NaN,NaN,NaN,NaN,0.9476866,NaN,NaN,-0.3730784,-0.2637981,-0.375746,NaN,NaN,0.6893382,-0.2877815,NaN,-0.4617618,0.9755648,-0.4499342,-0.51061,NaN,NaN,NaN,NaN,NaN,NaN,NaN,NaN,-0.6837867,NaN,NaN,NaN,NaN,NaN,NaN,NaN,NaN,NaN,NaN,NaN,NaN,NaN,NaN,NaN,NaN,-0.460968,NaN,NaN,NaN,NaN,-0.5946897,NaN,NaN,NaN,0.07929234,NaN,NaN,NaN,NaN,NaN,NaN,-0.3174372,NaN,-0.2654009,NaN,NaN,NaN,NaN,NaN,NaN,NaN,NaN,1.405209,NaN,NaN,NaN,NaN,0.7512501,NaN,NaN,-0.2963762,-0.2677323,-0.2700089,NaN,-0.3462562,NaN,NaN,NaN,-0.5594667,-0.4731336,NaN,1.500752,NaN,NaN,-0.2631472,NaN,NaN,1.589296,NaN,NaN,NaN,NaN,NaN,NaN,NaN,NaN,-0.4526125,-0.2677105,NaN,NaN,NaN,NaN,NaN,NaN,-0.0112617
NaN,NaN,NaN,NaN,NaN,NaN,NaN,NaN,NaN,NaN,NaN,NaN,NaN,-0.4326047,NaN,NaN,NaN,-0.2667331,NaN,NaN,NaN,NaN,NaN,NaN,NaN,NaN,NaN,NaN,NaN,1.20987,NaN,NaN,NaN,1.141245,NaN,NaN,NaN,NaN,NaN,NaN,NaN,NaN,NaN,NaN,NaN,NaN,NaN,NaN,0.01089398,NaN,NaN,NaN,NaN,NaN,NaN,NaN,NaN,1.410692,NaN,NaN,NaN,1.38719,0.278544,0.7355571,NaN,1.251903,NaN,NaN,-0.3626992,NaN,NaN,NaN,NaN,NaN,NaN,-0.361556,NaN,NaN,NaN,NaN,-0.5553874,NaN,NaN,NaN,NaN,NaN,NaN,NaN,NaN,NaN,NaN,NaN,NaN,NaN,NaN,NaN,0.308703,NaN,NaN,NaN,2.769029,NaN,NaN,NaN,NaN,NaN,NaN,NaN,NaN,NaN,NaN,NaN,-0.4149835,2.533194,NaN,NaN,2.010882,NaN,NaN,NaN,NaN,NaN,NaN,NaN,NaN,NaN,0.2772804,0.2010135,NaN,NaN,NaN,-0.3246181,NaN,NaN,NaN,NaN,NaN,NaN,0.3115718,NaN,NaN,NaN,NaN,-0.2470895,-0.08254683,NaN,NaN,NaN,NaN,NaN,NaN,NaN,0.7956393,NaN,NaN,NaN,NaN,NaN,-0.4328375,NaN,NaN,NaN,NaN,NaN,-0.2654009,NaN,NaN,NaN,NaN,1.03363,NaN,NaN,0.4331236,NaN,NaN,2.826759,NaN,NaN,NaN,NaN,NaN,-0.315018,0.7991517,NaN,NaN,0.315182,NaN,NaN,NaN,NaN,NaN,1.92389,NaN,1.868255,NaN,NaN,NaN,-0.2581989,NaN,NaN,NaN,1.389638,-0.4124535,NaN,NaN,NaN,NaN,NaN,NaN,NaN,NaN,NaN,NaN,NaN,NaN,NaN,NaN,0.1572642,NaN,NaN,-0.1956587,NaN,NaN,NaN,1.093706,NaN,3.4649,NaN,NaN,NaN,NaN,-0.3525165,NaN,NaN,NaN,NaN,NaN,NaN,NaN,NaN,3.516948,NaN,NaN,NaN,NaN,NaN,NaN,NaN,NaN,NaN,NaN,NaN,-0.4181997,NaN,0.902136,NaN,NaN,NaN,-0.2615561,NaN,NaN,NaN,0.783132,NaN,NaN,NaN,NaN,NaN,0.8528054,NaN,NaN,NaN,-0.04599448,NaN,NaN,NaN,NaN,0.2816795,NaN,NaN,NaN,0.0283948,-0.4405948,NaN,NaN,NaN,NaN,NaN,NaN,NaN,NaN,NaN,NaN,NaN,NaN,NaN,NaN,NaN,-0.4412653,NaN,NaN,3.084849,NaN,NaN,NaN,NaN,NaN,-0.4485605,NaN,NaN,NaN,NaN,-0.4544784,NaN,NaN,NaN,NaN,NaN,NaN,3.292651,NaN,NaN,NaN,NaN,NaN,NaN,-0.4585874,NaN,NaN,NaN,NaN,NaN,NaN,NaN,NaN,NaN,0.2689008,NaN,NaN,-0.2635803,NaN,NaN,NaN,NaN,NaN,NaN,NaN,NaN,NaN,NaN,NaN,NaN,NaN,NaN,NaN,-0.2581989,3.485043,NaN,NaN,NaN,NaN,3.132999,NaN,NaN,NaN,0.1014522,0.107969,NaN,NaN,NaN,NaN,NaN,2.01204,NaN,NaN,NaN,NaN,NaN,0.5896105,NaN,NaN,NaN,NaN,NaN,0.5249649,-0.263315,NaN,NaN,NaN,NaN,0.9973904,NaN,NaN,-0.3730784,-0.2637981,-0.375746,NaN,NaN,0.6221949,-0.2877815,NaN,-0.4617618,0.8559451,-0.4499342,-0.51061,NaN,NaN,NaN,NaN,NaN,NaN,NaN,NaN,-0.6837867,NaN,NaN,NaN,NaN,NaN,NaN,NaN,NaN,NaN,NaN,NaN,NaN,NaN,NaN,NaN,NaN,1.098698,NaN,NaN,NaN,NaN,0.3831559,NaN,NaN,NaN,3.124118,NaN,NaN,NaN,NaN,NaN,NaN,0.04883649,NaN,-0.2654009,NaN,NaN,NaN,NaN,NaN,NaN,NaN,NaN,0.8431254,NaN,NaN,NaN,NaN,0.6439287,NaN,NaN,-0.2963762,-0.2677323,-0.2700089,NaN,-0.3462562,NaN,NaN,NaN,0.4751634,-0.4731336,NaN,0.0631666,NaN,NaN,-0.2631472,NaN,NaN,0.9740846,NaN,NaN,NaN,NaN,NaN,NaN,NaN,NaN,2.53463,-0.2677105,NaN,NaN,NaN,NaN,NaN,NaN,1.576635
NaN,NaN,NaN,NaN,NaN,NaN,NaN,NaN,NaN,NaN,NaN,NaN,NaN,-0.4326047,NaN,NaN,NaN,-0.2667331,NaN,NaN,NaN,NaN,NaN,NaN,NaN,NaN,NaN,NaN,NaN,0.5811847,NaN,NaN,NaN,1.950337,NaN,NaN,NaN,NaN,NaN,NaN,NaN,NaN,NaN,NaN,NaN,NaN,NaN,NaN,-0.08715163,NaN,NaN,NaN,NaN,NaN,NaN,NaN,NaN,0.5546464,NaN,NaN,NaN,0.1969105,0.1602942,0.2621788,NaN,0.3693604,NaN,NaN,-0.3626992,NaN,NaN,NaN,NaN,NaN,NaN,-0.361556,NaN,NaN,NaN,NaN,-0.1919628,NaN,NaN,NaN,NaN,NaN,NaN,NaN,NaN,NaN,NaN,NaN,NaN,NaN,NaN,NaN,1.555388,NaN,NaN,NaN,1.367527,NaN,NaN,NaN,NaN,NaN,NaN,NaN,NaN,NaN,NaN,NaN,-0.4149835,1.778794,NaN,NaN,1.407617,NaN,NaN,NaN,NaN,NaN,NaN,NaN,NaN,NaN,3.094806,-0.1938344,NaN,NaN,NaN,-0.3246181,NaN,NaN,NaN,NaN,NaN,NaN,0.3793048,NaN,NaN,NaN,NaN,-0.4651098,-0.2254163,NaN,NaN,NaN,NaN,NaN,NaN,NaN,0.4179625,NaN,NaN,NaN,NaN,NaN,-0.4328375,NaN,NaN,NaN,NaN,NaN,-0.2654009,NaN,NaN,NaN,NaN,0.5694248,NaN,NaN,1.053426,NaN,NaN,0.3148286,NaN,NaN,NaN,NaN,NaN,-0.315018,0.6914008,NaN,NaN,0.1347343,NaN,NaN,NaN,NaN,NaN,0.65779,NaN,0.1453348,NaN,NaN,NaN,-0.2581989,NaN,NaN,NaN,0.783691,-0.4124535,NaN,NaN,NaN,NaN,NaN,NaN,NaN,NaN,NaN,NaN,NaN,NaN,NaN,NaN,-0.01326326,NaN,NaN,-0.2372882,NaN,NaN,NaN,1.476344,NaN,0.4938229,NaN,NaN,NaN,NaN,-0.3525165,NaN,NaN,NaN,NaN,NaN,NaN,NaN,NaN,0.3750347,NaN,NaN,NaN,NaN,NaN,NaN,NaN,NaN,NaN,NaN,NaN,-0.4181997,NaN,1.38017,NaN,NaN,NaN,-0.2615561,NaN,NaN,NaN,1.112179,NaN,NaN,NaN,NaN,NaN,0.6529292,NaN,NaN,NaN,0.01672524,NaN,NaN,NaN,NaN,-0.005469501,NaN,NaN,NaN,1.732084,-0.4405948,NaN,NaN,NaN,NaN,NaN,NaN,NaN,NaN,NaN,NaN,NaN,NaN,NaN,NaN,NaN,-0.4412653,NaN,NaN,0.9062833,NaN,NaN,NaN,NaN,NaN,-0.4485605,NaN,NaN,NaN,NaN,-0.4544784,NaN,NaN,NaN,NaN,NaN,NaN,1.112233,NaN,NaN,NaN,NaN,NaN,NaN,-0.4585874,NaN,NaN,NaN,NaN,NaN,NaN,NaN,NaN,NaN,2.1344,NaN,NaN,-0.2635803,NaN,NaN,NaN,NaN,NaN,NaN,NaN,NaN,NaN,NaN,NaN,NaN,NaN,NaN,NaN,-0.2581989,0.6123102,NaN,NaN,NaN,NaN,1.296521,NaN,NaN,NaN,-0.1159453,-0.05956917,NaN,NaN,NaN,NaN,NaN,0.1158766,NaN,NaN,NaN,NaN,NaN,0.1241285,NaN,NaN,NaN,NaN,NaN,0.2616045,-0.263315,NaN,NaN,NaN,NaN,0.3015367,NaN,NaN,-0.3730784,-0.2637981,3.100783,NaN,NaN,0.8571966,-0.2877815,NaN,-0.4617618,0.1382271,-0.4499342,-0.51061,NaN,NaN,NaN,NaN,NaN,NaN,NaN,NaN,-0.6837867,NaN,NaN,NaN,NaN,NaN,NaN,NaN,NaN,NaN,NaN,NaN,NaN,NaN,NaN,NaN,NaN,2.918308,NaN,NaN,NaN,NaN,0.9818368,NaN,NaN,NaN,1.411403,NaN,NaN,NaN,NaN,NaN,NaN,3.580761,NaN,-0.2654009,NaN,NaN,NaN,NaN,NaN,NaN,NaN,NaN,0.9133858,NaN,NaN,NaN,NaN,0.1073215,NaN,NaN,-0.2963762,-0.2677323,-0.2700089,NaN,-0.3462562,NaN,NaN,NaN,1.682232,-0.4058634,NaN,-0.1655402,NaN,NaN,-0.2631472,NaN,NaN,0.128169,NaN,NaN,NaN,NaN,NaN,NaN,NaN,NaN,2.127279,-0.2677105,NaN,NaN,NaN,NaN,NaN,NaN,0.4617288
NaN,NaN,NaN,NaN,NaN,NaN,NaN,NaN,NaN,NaN,NaN,NaN,NaN,0.2924311,NaN,NaN,NaN,3.613022,NaN,NaN,NaN,NaN,NaN,NaN,NaN,NaN,NaN,NaN,NaN,1.587081,NaN,NaN,NaN,2.503926,NaN,NaN,NaN,NaN,NaN,NaN,NaN,NaN,NaN,NaN,NaN,NaN,NaN,NaN,-0.2178791,NaN,NaN,NaN,NaN,NaN,NaN,NaN,NaN,2.373744,NaN,NaN,NaN,-0.1116805,0.1208776,1.827969,NaN,0.02614939,NaN,NaN,1.324421,NaN,NaN,NaN,NaN,NaN,NaN,0.09038901,NaN,NaN,NaN,NaN,1.569249,NaN,NaN,NaN,NaN,NaN,NaN,NaN,NaN,NaN,NaN,NaN,NaN,NaN,NaN,NaN,1.258558,NaN,NaN,NaN,0.7304801,NaN,NaN,NaN,NaN,NaN,NaN,NaN,NaN,NaN,NaN,NaN,0.1224052,1.222921,NaN,NaN,0,NaN,NaN,NaN,NaN,NaN,NaN,NaN,NaN,NaN,0.5187826,-0.2297297,NaN,NaN,NaN,3.474889,NaN,NaN,NaN,NaN,NaN,NaN,0.04063982,NaN,NaN,NaN,NaN,0.05813875,-0.3206626,NaN,NaN,NaN,NaN,NaN,NaN,NaN,0.2668917,NaN,NaN,NaN,NaN,NaN,0.2885583,NaN,NaN,NaN,NaN,NaN,3.613535,NaN,NaN,NaN,NaN,0.1516403,NaN,NaN,1.739024,NaN,NaN,-0.08708026,NaN,NaN,NaN,NaN,NaN,3.518068,1.741971,NaN,NaN,-0.009623867,NaN,NaN,NaN,NaN,NaN,0.7887658,NaN,-0.1007967,NaN,NaN,NaN,3.614784,NaN,NaN,NaN,0.420123,0.06345439,NaN,NaN,NaN,NaN,NaN,NaN,NaN,NaN,NaN,NaN,NaN,NaN,NaN,NaN,0.1004217,NaN,NaN,-0.1540292,NaN,NaN,NaN,0.8067278,NaN,0.1275257,NaN,NaN,NaN,NaN,1.320821,NaN,NaN,NaN,NaN,NaN,NaN,NaN,NaN,-0.01396404,NaN,NaN,NaN,NaN,NaN,NaN,NaN,NaN,NaN,NaN,NaN,1.240774,NaN,2.96136,NaN,NaN,NaN,3.614517,NaN,NaN,NaN,0.4540849,NaN,NaN,NaN,NaN,NaN,2.801599,NaN,NaN,NaN,-0.3595931,NaN,NaN,NaN,NaN,-0.2926185,NaN,NaN,NaN,1.433939,0.5103292,NaN,NaN,NaN,NaN,NaN,NaN,NaN,NaN,NaN,NaN,NaN,NaN,NaN,NaN,NaN,0.525009,NaN,NaN,0.4705702,NaN,NaN,NaN,NaN,NaN,-0.1097198,NaN,NaN,NaN,NaN,0.8052171,NaN,NaN,NaN,NaN,NaN,NaN,0.2532809,NaN,NaN,NaN,NaN,NaN,NaN,2.135063,NaN,NaN,NaN,NaN,NaN,NaN,NaN,NaN,NaN,1.579792,NaN,NaN,3.614091,NaN,NaN,NaN,NaN,NaN,NaN,NaN,NaN,NaN,NaN,NaN,NaN,NaN,NaN,NaN,3.614784,0.08631685,NaN,NaN,NaN,NaN,0.5901842,NaN,NaN,NaN,-0.2401725,-0.05956917,NaN,NaN,NaN,NaN,NaN,-0.1474794,NaN,NaN,NaN,NaN,NaN,1.846412,NaN,NaN,NaN,NaN,NaN,2.236807,3.614159,NaN,NaN,NaN,NaN,0.1524252,NaN,NaN,1.96175,3.614034,1.625892,NaN,NaN,2.032205,3.591804,NaN,-0.01964942,3.128719,0.691443,0.07109758,NaN,NaN,NaN,NaN,NaN,NaN,NaN,NaN,-0.1094059,NaN,NaN,NaN,NaN,NaN,NaN,NaN,NaN,NaN,NaN,NaN,NaN,NaN,NaN,NaN,NaN,1.358642,NaN,NaN,NaN,NaN,2.678099,NaN,NaN,NaN,0.2695939,NaN,NaN,NaN,NaN,NaN,NaN,0.1011613,NaN,3.613535,NaN,NaN,NaN,NaN,NaN,NaN,NaN,NaN,0.4918231,NaN,NaN,NaN,NaN,2.361072,NaN,NaN,0.2778527,3.612577,3.611369,NaN,-0.1006015,NaN,NaN,NaN,2.257026,2.318579,NaN,-0.1328678,NaN,NaN,3.614199,NaN,NaN,0.01281693,NaN,NaN,NaN,NaN,NaN,NaN,NaN,NaN,0.7694414,3.612587,NaN,NaN,NaN,NaN,NaN,NaN,0.664439
NaN,NaN,NaN,NaN,NaN,NaN,NaN,NaN,NaN,NaN,NaN,NaN,NaN,1.524992,NaN,NaN,NaN,-0.1454908,NaN,NaN,NaN,NaN,NaN,NaN,NaN,NaN,NaN,NaN,NaN,0.6650094,NaN,NaN,NaN,-0.3491869,NaN,NaN,NaN,NaN,NaN,NaN,NaN,NaN,NaN,NaN,NaN,NaN,NaN,NaN,-0.2178791,NaN,NaN,NaN,NaN,NaN,NaN,NaN,NaN,0.3138835,NaN,NaN,NaN,0.152826,-0.3915382,2.155692,NaN,0.22227,NaN,NaN,3.257974,NaN,NaN,NaN,NaN,NaN,NaN,0.820454,NaN,NaN,NaN,NaN,0.3391963,NaN,NaN,NaN,NaN,NaN,NaN,NaN,NaN,NaN,NaN,NaN,NaN,NaN,NaN,NaN,1.139827,NaN,NaN,NaN,-0.3524992,NaN,NaN,NaN,NaN,NaN,NaN,NaN,NaN,NaN,NaN,NaN,2.675002,-0.4049934,NaN,NaN,0.2346029,NaN,NaN,NaN,NaN,NaN,NaN,NaN,NaN,NaN,0.03577813,-0.05025336,NaN,NaN,NaN,0.7451461,NaN,NaN,NaN,NaN,NaN,NaN,0.3793048,NaN,NaN,NaN,NaN,0.9738237,1.298525,NaN,NaN,NaN,NaN,NaN,NaN,NaN,-0.4884621,NaN,NaN,NaN,NaN,NaN,1.842334,NaN,NaN,NaN,NaN,NaN,-0.1633236,NaN,NaN,NaN,NaN,-0.4518262,NaN,NaN,1.771672,NaN,NaN,0.26459,NaN,NaN,NaN,NaN,NaN,0.5771658,1.553407,NaN,NaN,-0.2622506,NaN,NaN,NaN,NaN,NaN,1.705597,NaN,0.03984986,NaN,NaN,NaN,-0.2581989,NaN,NaN,NaN,0.8442857,2.347812,NaN,NaN,NaN,NaN,NaN,NaN,NaN,NaN,NaN,NaN,NaN,NaN,NaN,NaN,2.857282,NaN,NaN,-0.2372882,NaN,NaN,NaN,0.7588981,NaN,-0.2794712,NaN,NaN,NaN,NaN,3.261894,NaN,NaN,NaN,NaN,NaN,NaN,NaN,NaN,-0.2832709,NaN,NaN,NaN,NaN,NaN,NaN,NaN,NaN,NaN,NaN,NaN,3.158963,NaN,-0.05393203,NaN,NaN,NaN,-0.214287,NaN,NaN,NaN,1.276703,NaN,NaN,NaN,NaN,NaN,0.128254,NaN,NaN,NaN,0.07944496,NaN,NaN,NaN,NaN,-0.1695547,NaN,NaN,NaN,2.243191,2.364631,NaN,NaN,NaN,NaN,NaN,NaN,NaN,NaN,NaN,NaN,NaN,NaN,NaN,NaN,NaN,2.457558,NaN,NaN,-0.4879987,NaN,NaN,NaN,NaN,NaN,0.3743383,NaN,NaN,NaN,NaN,2.509511,NaN,NaN,NaN,NaN,NaN,NaN,-0.4074518,NaN,NaN,NaN,NaN,NaN,NaN,2.473365,NaN,NaN,NaN,NaN,NaN,NaN,NaN,NaN,NaN,0.3697385,NaN,NaN,-0.1875475,NaN,NaN,NaN,NaN,NaN,NaN,NaN,NaN,NaN,NaN,NaN,NaN,NaN,NaN,NaN,-0.2581989,-0.2373714,NaN,NaN,NaN,NaN,-0.351599,NaN,NaN,NaN,-0.2091157,0.6105834,NaN,NaN,NaN,NaN,NaN,-0.09480815,NaN,NaN,NaN,NaN,NaN,0.5896105,NaN,NaN,NaN,NaN,NaN,-0.02809179,-0.1910639,NaN,NaN,NaN,NaN,1.24591,NaN,NaN,2.888269,-0.1846586,-0.217722,NaN,NaN,0.9243399,0.1493549,NaN,0.6189573,-0.1010122,2.428321,1.089086,NaN,NaN,NaN,NaN,NaN,NaN,NaN,NaN,0.5470294,NaN,NaN,NaN,NaN,NaN,NaN,NaN,NaN,NaN,NaN,NaN,NaN,NaN,NaN,NaN,NaN,-0.3050013,NaN,NaN,NaN,NaN,0.5228481,NaN,NaN,NaN,-0.444037,NaN,NaN,NaN,NaN,NaN,NaN,-0.23895,NaN,-0.1633236,NaN,NaN,NaN,NaN,NaN,NaN,NaN,NaN,-0.4918231,NaN,NaN,NaN,NaN,0.8049109,NaN,NaN,3.575037,-0.1320571,-0.1012533,NaN,0.1099597,NaN,NaN,NaN,1.596013,1.107716,NaN,0.8799765,NaN,NaN,-0.1932852,NaN,NaN,1.28169,NaN,NaN,NaN,NaN,NaN,NaN,NaN,NaN,-0.4526125,-0.1323512,NaN,NaN,NaN,NaN,NaN,NaN,0.765794
NaN,NaN,NaN,NaN,NaN,NaN,NaN,NaN,NaN,NaN,NaN,NaN,NaN,3.083819,NaN,NaN,NaN,-0.2667331,NaN,NaN,NaN,NaN,NaN,NaN,NaN,NaN,NaN,NaN,NaN,1.37752,NaN,NaN,NaN,-0.4769382,NaN,NaN,NaN,NaN,NaN,NaN,NaN,NaN,NaN,NaN,NaN,NaN,NaN,NaN,-0.02178789,NaN,NaN,NaN,NaN,NaN,NaN,NaN,NaN,0.902415,NaN,NaN,NaN,1.254937,-0.3915382,0.8812119,NaN,1.546084,NaN,NaN,-0.2300044,NaN,NaN,NaN,NaN,NaN,NaN,3.427829,NaN,NaN,NaN,NaN,1.23378,NaN,NaN,NaN,NaN,NaN,NaN,NaN,NaN,NaN,NaN,NaN,NaN,NaN,NaN,NaN,1.496022,NaN,NaN,NaN,-0.5436131,NaN,NaN,NaN,NaN,NaN,NaN,NaN,NaN,NaN,NaN,NaN,2.182395,-0.5241091,NaN,NaN,1.508161,NaN,NaN,NaN,NaN,NaN,NaN,NaN,NaN,NaN,0.5992833,0.05743244,NaN,NaN,NaN,-0.3246181,NaN,NaN,NaN,NaN,NaN,NaN,0.5825037,NaN,NaN,NaN,NaN,1.976717,-0.13017,NaN,NaN,NaN,NaN,NaN,NaN,NaN,-0.6395328,NaN,NaN,NaN,NaN,NaN,2.896681,NaN,NaN,NaN,NaN,NaN,-0.2654009,NaN,NaN,NaN,NaN,-0.4518262,NaN,NaN,0.6290087,NaN,NaN,0.3650672,NaN,NaN,NaN,NaN,NaN,-0.315018,0.6105878,NaN,NaN,-0.3705192,NaN,NaN,NaN,NaN,NaN,-0.6519688,NaN,0.3914663,NaN,NaN,NaN,-0.2581989,NaN,NaN,NaN,1.268448,2.538176,NaN,NaN,NaN,NaN,NaN,NaN,NaN,NaN,NaN,NaN,NaN,NaN,NaN,NaN,-0.4964243,NaN,NaN,-0.008325895,NaN,NaN,NaN,1.619833,NaN,-0.4015703,NaN,NaN,NaN,NaN,-0.3525165,NaN,NaN,NaN,NaN,NaN,NaN,NaN,NaN,-0.3730398,NaN,NaN,NaN,NaN,NaN,NaN,NaN,NaN,NaN,NaN,NaN,0.618659,NaN,-0.4951942,NaN,NaN,NaN,-0.2615561,NaN,NaN,NaN,2.494177,NaN,NaN,NaN,NaN,NaN,0.87779,NaN,NaN,NaN,0.3930435,NaN,NaN,NaN,NaN,-0.04649079,NaN,NaN,NaN,-0.09938191,2.412177,NaN,NaN,NaN,NaN,NaN,NaN,NaN,NaN,NaN,NaN,NaN,NaN,NaN,NaN,NaN,2.312617,NaN,NaN,-0.4879987,NaN,NaN,NaN,NaN,NaN,2.939846,NaN,NaN,NaN,NaN,2.139013,NaN,NaN,NaN,NaN,NaN,NaN,-0.4074518,NaN,NaN,NaN,NaN,NaN,NaN,0.8946213,NaN,NaN,NaN,NaN,NaN,NaN,NaN,NaN,NaN,0.6722519,NaN,NaN,-0.2635803,NaN,NaN,NaN,NaN,NaN,NaN,NaN,NaN,NaN,NaN,NaN,NaN,NaN,NaN,NaN,-0.2581989,-0.3587545,NaN,NaN,NaN,NaN,-0.4457773,NaN,NaN,NaN,-0.08488856,1.392428,NaN,NaN,NaN,NaN,NaN,0.2738902,NaN,NaN,NaN,NaN,NaN,0.8688998,NaN,NaN,NaN,NaN,NaN,0.1299244,-0.263315,NaN,NaN,NaN,NaN,1.494429,NaN,NaN,-0.3730784,-0.2637981,-0.375746,NaN,NaN,1.562202,-0.2877815,NaN,3.026014,-0.4997444,2.279446,2.15555,NaN,NaN,NaN,NaN,NaN,NaN,NaN,NaN,0.5470294,NaN,NaN,NaN,NaN,NaN,NaN,NaN,NaN,NaN,NaN,NaN,NaN,NaN,NaN,NaN,NaN,-0.460968,NaN,NaN,NaN,NaN,1.380957,NaN,NaN,NaN,-0.444037,NaN,NaN,NaN,NaN,NaN,NaN,-0.3174372,NaN,-0.2654009,NaN,NaN,NaN,NaN,NaN,NaN,NaN,NaN,-0.6323441,NaN,NaN,NaN,NaN,1.019554,NaN,NaN,-0.2963762,-0.2677323,-0.2700089,NaN,0.2503338,NaN,NaN,NaN,-0.415768,2.184038,NaN,2.84032,NaN,NaN,-0.2631472,NaN,NaN,2.127606,NaN,NaN,NaN,NaN,NaN,NaN,NaN,NaN,-0.4526125,-0.2677105,NaN,NaN,NaN,NaN,NaN,NaN,1.54285
NaN,NaN,NaN,NaN,NaN,NaN,NaN,NaN,NaN,NaN,NaN,NaN,NaN,-0.1425904,NaN,NaN,NaN,-0.2667331,NaN,NaN,NaN,NaN,NaN,NaN,NaN,NaN,NaN,NaN,NaN,1.419432,NaN,NaN,NaN,-0.4769382,NaN,NaN,NaN,NaN,NaN,NaN,NaN,NaN,NaN,NaN,NaN,NaN,NaN,NaN,3.213717,NaN,NaN,NaN,NaN,NaN,NaN,NaN,NaN,0.3673863,NaN,NaN,NaN,1.960287,-0.3915382,0.1893514,NaN,1.595114,NaN,NaN,-0.3626992,NaN,NaN,NaN,NaN,NaN,NaN,-0.361556,NaN,NaN,NaN,NaN,2.603611,NaN,NaN,NaN,NaN,NaN,NaN,NaN,NaN,NaN,NaN,NaN,NaN,NaN,NaN,NaN,1.080461,NaN,NaN,NaN,-0.5436131,NaN,NaN,NaN,NaN,NaN,NaN,NaN,NaN,NaN,NaN,NaN,-0.4149835,-0.5241091,NaN,NaN,-0.8043527,NaN,NaN,NaN,NaN,NaN,NaN,NaN,NaN,NaN,0.304114,0.2728041,NaN,NaN,NaN,-0.3246181,NaN,NaN,NaN,NaN,NaN,NaN,0.9889016,NaN,NaN,NaN,NaN,0.5377832,0.3936848,NaN,NaN,NaN,NaN,NaN,NaN,NaN,-0.6395328,NaN,NaN,NaN,NaN,NaN,-0.2663615,NaN,NaN,NaN,NaN,NaN,-0.2654009,NaN,NaN,NaN,NaN,-0.4518262,NaN,NaN,1.053426,NaN,NaN,0.4655444,NaN,NaN,NaN,NaN,NaN,-0.315018,1.391781,NaN,NaN,-0.3705192,NaN,NaN,NaN,NaN,NaN,-0.6519688,NaN,2.676973,NaN,NaN,NaN,-0.2581989,NaN,NaN,NaN,1.450232,-0.4124535,NaN,NaN,NaN,NaN,NaN,NaN,NaN,NaN,NaN,NaN,NaN,NaN,NaN,NaN,-0.4964243,NaN,NaN,2.322927,NaN,NaN,NaN,1.189366,NaN,-0.4015703,NaN,NaN,NaN,NaN,-0.3525165,NaN,NaN,NaN,NaN,NaN,NaN,NaN,NaN,-0.3730398,NaN,NaN,NaN,NaN,NaN,NaN,NaN,NaN,NaN,NaN,NaN,-0.4181997,NaN,-0.4951942,NaN,NaN,NaN,-0.2615561,NaN,NaN,NaN,-0.1052951,NaN,NaN,NaN,NaN,NaN,0.5779756,NaN,NaN,NaN,0.7693619,NaN,NaN,NaN,NaN,1.389254,NaN,NaN,NaN,-0.6956732,-0.4405948,NaN,NaN,NaN,NaN,NaN,NaN,NaN,NaN,NaN,NaN,NaN,NaN,NaN,NaN,NaN,-0.4412653,NaN,NaN,-0.4879987,NaN,NaN,NaN,NaN,NaN,1.729701,NaN,NaN,NaN,NaN,-0.4544784,NaN,NaN,NaN,NaN,NaN,NaN,-0.4074518,NaN,NaN,NaN,NaN,NaN,NaN,-0.4585874,NaN,NaN,NaN,NaN,NaN,NaN,NaN,NaN,NaN,1.126022,NaN,NaN,-0.2635803,NaN,NaN,NaN,NaN,NaN,NaN,NaN,NaN,NaN,NaN,NaN,NaN,NaN,NaN,NaN,-0.2581989,-0.3587545,NaN,NaN,NaN,NaN,-0.4457773,NaN,NaN,NaN,0.7536447,2.621041,NaN,NaN,NaN,NaN,NaN,0.7479309,NaN,NaN,NaN,NaN,NaN,1.287834,NaN,NaN,NaN,NaN,NaN,2.078791,-0.263315,NaN,NaN,NaN,NaN,1.593836,NaN,NaN,-0.3730784,-0.2637981,-0.375746,NaN,NaN,-0.6535285,-0.2877815,NaN,1.454059,-0.4997444,-0.4499342,2.300977,NaN,NaN,NaN,NaN,NaN,NaN,NaN,NaN,1.367574,NaN,NaN,NaN,NaN,NaN,NaN,NaN,NaN,NaN,NaN,NaN,NaN,NaN,NaN,NaN,NaN,-0.460968,NaN,NaN,NaN,NaN,-0.5946897,NaN,NaN,NaN,-0.444037,NaN,NaN,NaN,NaN,NaN,NaN,-0.3174372,NaN,-0.2654009,NaN,NaN,NaN,NaN,NaN,NaN,NaN,NaN,-0.6323441,NaN,NaN,NaN,NaN,0.7512501,NaN,NaN,-0.2963762,-0.2677323,-0.2700089,NaN,3.549126,NaN,NaN,NaN,-0.5594667,-0.4731336,NaN,-0.2635573,NaN,NaN,-0.2631472,NaN,NaN,-0.4101408,NaN,NaN,NaN,NaN,NaN,NaN,NaN,NaN,-0.4526125,-0.2677105,NaN,NaN,NaN,NaN,NaN,NaN,1.576635
NaN,NaN,NaN,NaN,NaN,NaN,NaN,NaN,NaN,NaN,NaN,NaN,NaN,-0.4326047,NaN,NaN,NaN,-0.2667331,NaN,NaN,NaN,NaN,NaN,NaN,NaN,NaN,NaN,NaN,NaN,-0.8019232,NaN,NaN,NaN,-0.4769382,NaN,NaN,NaN,NaN,NaN,NaN,NaN,NaN,NaN,NaN,NaN,NaN,NaN,NaN,-0.1198335,NaN,NaN,NaN,NaN,NaN,NaN,NaN,NaN,-0.7829252,NaN,NaN,NaN,-0.7729469,-0.3915382,-0.7574053,NaN,-0.8073632,NaN,NaN,-0.3626992,NaN,NaN,NaN,NaN,NaN,NaN,-0.361556,NaN,NaN,NaN,NaN,-0.5553874,NaN,NaN,NaN,NaN,NaN,NaN,NaN,NaN,NaN,NaN,NaN,NaN,NaN,NaN,NaN,-0.7598843,NaN,NaN,NaN,-0.5436131,NaN,NaN,NaN,NaN,NaN,NaN,NaN,NaN,NaN,NaN,NaN,-0.4149835,-0.5241091,NaN,NaN,-0.8043527,NaN,NaN,NaN,NaN,NaN,NaN,NaN,NaN,NaN,-0.6887286,1.888091,NaN,NaN,NaN,-0.3246181,NaN,NaN,NaN,NaN,NaN,NaN,1.598498,NaN,NaN,NaN,NaN,1.104636,2.58435,NaN,NaN,NaN,NaN,NaN,NaN,NaN,-0.6395328,NaN,NaN,NaN,NaN,NaN,-0.4328375,NaN,NaN,NaN,NaN,NaN,-0.2654009,NaN,NaN,NaN,NaN,-0.4518262,NaN,NaN,-0.4810067,NaN,NaN,1.319601,NaN,NaN,NaN,NaN,NaN,-0.315018,-0.6824216,NaN,NaN,-0.3705192,NaN,NaN,NaN,NaN,NaN,-0.6519688,NaN,-0.6282215,NaN,NaN,NaN,-0.2581989,NaN,NaN,NaN,0.2989337,-0.4124535,NaN,NaN,NaN,NaN,NaN,NaN,NaN,NaN,NaN,NaN,NaN,NaN,NaN,NaN,-0.4964243,NaN,NaN,-0.5078801,NaN,NaN,NaN,-0.7716526,NaN,-0.4015703,NaN,NaN,NaN,NaN,-0.3525165,NaN,NaN,NaN,NaN,NaN,NaN,NaN,NaN,-0.3730398,NaN,NaN,NaN,NaN,NaN,NaN,NaN,NaN,NaN,NaN,NaN,-0.4181997,NaN,-0.4951942,NaN,NaN,NaN,-0.2615561,NaN,NaN,NaN,-0.6975797,NaN,NaN,NaN,NaN,NaN,-0.6712512,NaN,NaN,NaN,2.462794,NaN,NaN,NaN,NaN,1.635382,NaN,NaN,NaN,-0.6956732,-0.4405948,NaN,NaN,NaN,NaN,NaN,NaN,NaN,NaN,NaN,NaN,NaN,NaN,NaN,NaN,NaN,-0.4412653,NaN,NaN,-0.4879987,NaN,NaN,NaN,NaN,NaN,-0.4485605,NaN,NaN,NaN,NaN,-0.4544784,NaN,NaN,NaN,NaN,NaN,NaN,-0.4074518,NaN,NaN,NaN,NaN,NaN,NaN,-0.4585874,NaN,NaN,NaN,NaN,NaN,NaN,NaN,NaN,NaN,0.168063,NaN,NaN,-0.2635803,NaN,NaN,NaN,NaN,NaN,NaN,NaN,NaN,NaN,NaN,NaN,NaN,NaN,NaN,NaN,-0.2581989,-0.3587545,NaN,NaN,NaN,NaN,-0.4457773,NaN,NaN,NaN,1.871689,-0.1712613,NaN,NaN,NaN,NaN,NaN,1.748684,NaN,NaN,NaN,NaN,NaN,-0.0155161,NaN,NaN,NaN,NaN,NaN,-0.7128286,-0.263315,NaN,NaN,NaN,NaN,-0.8416517,NaN,NaN,-0.3730784,-0.2637981,-0.375746,NaN,NaN,-0.7542435,-0.2877815,NaN,-0.4617618,-0.4997444,-0.4499342,-0.51061,NaN,NaN,NaN,NaN,NaN,NaN,NaN,NaN,2.106063,NaN,NaN,NaN,NaN,NaN,NaN,NaN,NaN,NaN,NaN,NaN,NaN,NaN,NaN,NaN,NaN,-0.460968,NaN,NaN,NaN,NaN,-0.5946897,NaN,NaN,NaN,-0.444037,NaN,NaN,NaN,NaN,NaN,NaN,-0.3174372,NaN,-0.2654009,NaN,NaN,NaN,NaN,NaN,NaN,NaN,NaN,-0.6323441,NaN,NaN,NaN,NaN,-0.8049109,NaN,NaN,-0.2963762,-0.2677323,-0.2700089,NaN,-0.3462562,NaN,NaN,NaN,-0.5594667,-0.4731336,NaN,-0.5902813,NaN,NaN,-0.2631472,NaN,NaN,-0.7561972,NaN,NaN,NaN,NaN,NaN,NaN,NaN,NaN,-0.4526125,-0.2677105,NaN,NaN,NaN,NaN,NaN,NaN,-0.8221025
NaN,NaN,NaN,NaN,NaN,NaN,NaN,NaN,NaN,NaN,NaN,NaN,NaN,-0.4326047,NaN,NaN,NaN,-0.2667331,NaN,NaN,NaN,NaN,NaN,NaN,NaN,NaN,NaN,NaN,NaN,-0.8019232,NaN,NaN,NaN,-0.4769382,NaN,NaN,NaN,NaN,NaN,NaN,NaN,NaN,NaN,NaN,NaN,NaN,NaN,NaN,-0.6427434,NaN,NaN,NaN,NaN,NaN,NaN,NaN,NaN,-0.7829252,NaN,NaN,NaN,-0.7729469,-0.3915382,-0.7574053,NaN,-0.8073632,NaN,NaN,-0.3626992,NaN,NaN,NaN,NaN,NaN,NaN,-0.361556,NaN,NaN,NaN,NaN,-0.5553874,NaN,NaN,NaN,NaN,NaN,NaN,NaN,NaN,NaN,NaN,NaN,NaN,NaN,NaN,NaN,-0.7598843,NaN,NaN,NaN,-0.5436131,NaN,NaN,NaN,NaN,NaN,NaN,NaN,NaN,NaN,NaN,NaN,-0.4149835,-0.5241091,NaN,NaN,-0.8043527,NaN,NaN,NaN,NaN,NaN,NaN,NaN,NaN,NaN,-0.6887286,-0.6604729,NaN,NaN,NaN,-0.3246181,NaN,NaN,NaN,NaN,NaN,NaN,-0.4334911,NaN,NaN,NaN,NaN,-0.4215057,-0.9397638,NaN,NaN,NaN,NaN,NaN,NaN,NaN,-0.6395328,NaN,NaN,NaN,NaN,NaN,-0.4328375,NaN,NaN,NaN,NaN,NaN,-0.2654009,NaN,NaN,NaN,NaN,-0.4518262,NaN,NaN,-0.7748343,NaN,NaN,-0.6397049,NaN,NaN,NaN,NaN,NaN,-0.315018,-0.7632347,NaN,NaN,-0.3705192,NaN,NaN,NaN,NaN,NaN,-0.6519688,NaN,-0.6282215,NaN,NaN,NaN,-0.2581989,NaN,NaN,NaN,-0.9735544,-0.4124535,NaN,NaN,NaN,NaN,NaN,NaN,NaN,NaN,NaN,NaN,NaN,NaN,NaN,NaN,-0.4964243,NaN,NaN,-0.5078801,NaN,NaN,NaN,-0.7716526,NaN,-0.4015703,NaN,NaN,NaN,NaN,-0.3525165,NaN,NaN,NaN,NaN,NaN,NaN,NaN,NaN,-0.3730398,NaN,NaN,NaN,NaN,NaN,NaN,NaN,NaN,NaN,NaN,NaN,-0.4181997,NaN,-0.4951942,NaN,NaN,NaN,-0.2615561,NaN,NaN,NaN,-0.6975797,NaN,NaN,NaN,NaN,NaN,-0.6712512,NaN,NaN,NaN,-0.9867902,NaN,NaN,NaN,NaN,-0.7438527,NaN,NaN,NaN,-0.6956732,-0.4405948,NaN,NaN,NaN,NaN,NaN,NaN,NaN,NaN,NaN,NaN,NaN,NaN,NaN,NaN,NaN,-0.4412653,NaN,NaN,-0.4879987,NaN,NaN,NaN,NaN,NaN,-0.4485605,NaN,NaN,NaN,NaN,-0.4544784,NaN,NaN,NaN,NaN,NaN,NaN,-0.4074518,NaN,NaN,NaN,NaN,NaN,NaN,-0.4585874,NaN,NaN,NaN,NaN,NaN,NaN,NaN,NaN,NaN,-0.7898961,NaN,NaN,-0.2635803,NaN,NaN,NaN,NaN,NaN,NaN,NaN,NaN,NaN,NaN,NaN,NaN,NaN,NaN,NaN,-0.2581989,-0.3587545,NaN,NaN,NaN,NaN,-0.4457773,NaN,NaN,NaN,-0.6749675,-0.9531059,NaN,NaN,NaN,NaN,NaN,-0.8322049,NaN,NaN,NaN,NaN,NaN,-0.9930283,NaN,NaN,NaN,NaN,NaN,-0.7128286,-0.263315,NaN,NaN,NaN,NaN,-0.8416517,NaN,NaN,-0.3730784,-0.2637981,-0.375746,NaN,NaN,-0.7542435,-0.2877815,NaN,-0.4617618,-0.4997444,-0.4499342,-0.51061,NaN,NaN,NaN,NaN,NaN,NaN,NaN,NaN,1.695791,NaN,NaN,NaN,NaN,NaN,NaN,NaN,NaN,NaN,NaN,NaN,NaN,NaN,NaN,NaN,NaN,-0.460968,NaN,NaN,NaN,NaN,-0.5946897,NaN,NaN,NaN,-0.444037,NaN,NaN,NaN,NaN,NaN,NaN,-0.3174372,NaN,-0.2654009,NaN,NaN,NaN,NaN,NaN,NaN,NaN,NaN,-0.6323441,NaN,NaN,NaN,NaN,-0.8049109,NaN,NaN,-0.2963762,-0.2677323,-0.2700089,NaN,-0.3462562,NaN,NaN,NaN,-0.5594667,-0.4731336,NaN,-0.5902813,NaN,NaN,-0.2631472,NaN,NaN,-0.7561972,NaN,NaN,NaN,NaN,NaN,NaN,NaN,NaN,-0.4526125,-0.2677105,NaN,NaN,NaN,NaN,NaN,NaN,-0.8221025
NaN,NaN,NaN,NaN,NaN,NaN,NaN,NaN,NaN,NaN,NaN,NaN,NaN,-0.4326047,NaN,NaN,NaN,-0.2667331,NaN,NaN,NaN,NaN,NaN,NaN,NaN,NaN,NaN,NaN,NaN,-0.8019232,NaN,NaN,NaN,-0.4769382,NaN,NaN,NaN,NaN,NaN,NaN,NaN,NaN,NaN,NaN,NaN,NaN,NaN,NaN,-0.6427434,NaN,NaN,NaN,NaN,NaN,NaN,NaN,NaN,-0.7829252,NaN,NaN,NaN,-0.7729469,-0.3915382,-0.7574053,NaN,-0.8073632,NaN,NaN,-0.3626992,NaN,NaN,NaN,NaN,NaN,NaN,-0.361556,NaN,NaN,NaN,NaN,-0.5553874,NaN,NaN,NaN,NaN,NaN,NaN,NaN,NaN,NaN,NaN,NaN,NaN,NaN,NaN,NaN,-0.7598843,NaN,NaN,NaN,-0.5436131,NaN,NaN,NaN,NaN,NaN,NaN,NaN,NaN,NaN,NaN,NaN,-0.4149835,-0.5241091,NaN,NaN,-0.8043527,NaN,NaN,NaN,NaN,NaN,NaN,NaN,NaN,NaN,-0.6887286,-0.6604729,NaN,NaN,NaN,-0.3246181,NaN,NaN,NaN,NaN,NaN,NaN,-1.178554,NaN,NaN,NaN,NaN,-1.031962,-0.9397638,NaN,NaN,NaN,NaN,NaN,NaN,NaN,-0.6395328,NaN,NaN,NaN,NaN,NaN,-0.4328375,NaN,NaN,NaN,NaN,NaN,-0.2654009,NaN,NaN,NaN,NaN,-0.4518262,NaN,NaN,-0.7748343,NaN,NaN,-0.6899435,NaN,NaN,NaN,NaN,NaN,-0.315018,-0.7632347,NaN,NaN,-0.3705192,NaN,NaN,NaN,NaN,NaN,-0.6519688,NaN,-0.6282215,NaN,NaN,NaN,-0.2581989,NaN,NaN,NaN,-0.9735544,-0.4124535,NaN,NaN,NaN,NaN,NaN,NaN,NaN,NaN,NaN,NaN,NaN,NaN,NaN,NaN,-0.4964243,NaN,NaN,-0.5078801,NaN,NaN,NaN,-0.7716526,NaN,-0.4015703,NaN,NaN,NaN,NaN,-0.3525165,NaN,NaN,NaN,NaN,NaN,NaN,NaN,NaN,-0.3730398,NaN,NaN,NaN,NaN,NaN,NaN,NaN,NaN,NaN,NaN,NaN,-0.4181997,NaN,-0.4951942,NaN,NaN,NaN,-0.2615561,NaN,NaN,NaN,-0.6975797,NaN,NaN,NaN,NaN,NaN,-0.6712512,NaN,NaN,NaN,-0.9867902,NaN,NaN,NaN,NaN,-0.7438527,NaN,NaN,NaN,-0.6956732,-0.4405948,NaN,NaN,NaN,NaN,NaN,NaN,NaN,NaN,NaN,NaN,NaN,NaN,NaN,NaN,NaN,-0.4412653,NaN,NaN,-0.4879987,NaN,NaN,NaN,NaN,NaN,-0.4485605,NaN,NaN,NaN,NaN,-0.4544784,NaN,NaN,NaN,NaN,NaN,NaN,-0.4074518,NaN,NaN,NaN,NaN,NaN,NaN,-0.4585874,NaN,NaN,NaN,NaN,NaN,NaN,NaN,NaN,NaN,-0.7898961,NaN,NaN,-0.2635803,NaN,NaN,NaN,NaN,NaN,NaN,NaN,NaN,NaN,NaN,NaN,NaN,NaN,NaN,NaN,-0.2581989,-0.3587545,NaN,NaN,NaN,NaN,-0.4457773,NaN,NaN,NaN,-0.6749675,-0.9531059,NaN,NaN,NaN,NaN,NaN,-0.8322049,NaN,NaN,NaN,NaN,NaN,-0.9930283,NaN,NaN,NaN,NaN,NaN,-0.7128286,-0.263315,NaN,NaN,NaN,NaN,-0.8416517,NaN,NaN,-0.3730784,-0.2637981,-0.375746,NaN,NaN,-0.7542435,-0.2877815,NaN,-0.4617618,-0.4997444,-0.4499342,-0.51061,NaN,NaN,NaN,NaN,NaN,NaN,NaN,NaN,-0.6837867,NaN,NaN,NaN,NaN,NaN,NaN,NaN,NaN,NaN,NaN,NaN,NaN,NaN,NaN,NaN,NaN,-0.460968,NaN,NaN,NaN,NaN,-0.5946897,NaN,NaN,NaN,-0.444037,NaN,NaN,NaN,NaN,NaN,NaN,-0.3174372,NaN,-0.2654009,NaN,NaN,NaN,NaN,NaN,NaN,NaN,NaN,-0.6323441,NaN,NaN,NaN,NaN,-0.8049109,NaN,NaN,-0.2963762,-0.2677323,-0.2700089,NaN,-0.3462562,NaN,NaN,NaN,-0.5594667,-0.4731336,NaN,-0.5902813,NaN,NaN,-0.2631472,NaN,NaN,-0.7561972,NaN,NaN,NaN,NaN,NaN,NaN,NaN,NaN,-0.4526125,-0.2677105,NaN,NaN,NaN,NaN,NaN,NaN,-0.8221025
NaN,NaN,NaN,NaN,NaN,NaN,NaN,NaN,NaN,NaN,NaN,NaN,NaN,-0.4326047,NaN,NaN,NaN,-0.2667331,NaN,NaN,NaN,NaN,NaN,NaN,NaN,NaN,NaN,NaN,NaN,-0.8019232,NaN,NaN,NaN,-0.4769382,NaN,NaN,NaN,NaN,NaN,NaN,NaN,NaN,NaN,NaN,NaN,NaN,NaN,NaN,-0.6427434,NaN,NaN,NaN,NaN,NaN,NaN,NaN,NaN,-0.7829252,NaN,NaN,NaN,-0.7729469,-0.3915382,-0.7574053,NaN,-0.8073632,NaN,NaN,-0.3626992,NaN,NaN,NaN,NaN,NaN,NaN,-0.361556,NaN,NaN,NaN,NaN,-0.5553874,NaN,NaN,NaN,NaN,NaN,NaN,NaN,NaN,NaN,NaN,NaN,NaN,NaN,NaN,NaN,-0.7598843,NaN,NaN,NaN,-0.5436131,NaN,NaN,NaN,NaN,NaN,NaN,NaN,NaN,NaN,NaN,NaN,-0.4149835,-0.5241091,NaN,NaN,-0.8043527,NaN,NaN,NaN,NaN,NaN,NaN,NaN,NaN,NaN,-0.6887286,-0.6604729,NaN,NaN,NaN,-0.3246181,NaN,NaN,NaN,NaN,NaN,NaN,-1.178554,NaN,NaN,NaN,NaN,-1.031962,-0.9397638,NaN,NaN,NaN,NaN,NaN,NaN,NaN,-0.6395328,NaN,NaN,NaN,NaN,NaN,-0.4328375,NaN,NaN,NaN,NaN,NaN,-0.2654009,NaN,NaN,NaN,NaN,-0.4518262,NaN,NaN,-0.7748343,NaN,NaN,-0.6899435,NaN,NaN,NaN,NaN,NaN,-0.315018,-0.7632347,NaN,NaN,-0.3705192,NaN,NaN,NaN,NaN,NaN,-0.6519688,NaN,-0.6282215,NaN,NaN,NaN,-0.2581989,NaN,NaN,NaN,-0.9735544,-0.4124535,NaN,NaN,NaN,NaN,NaN,NaN,NaN,NaN,NaN,NaN,NaN,NaN,NaN,NaN,-0.4964243,NaN,NaN,-0.5078801,NaN,NaN,NaN,-0.7716526,NaN,-0.4015703,NaN,NaN,NaN,NaN,-0.3525165,NaN,NaN,NaN,NaN,NaN,NaN,NaN,NaN,-0.3730398,NaN,NaN,NaN,NaN,NaN,NaN,NaN,NaN,NaN,NaN,NaN,-0.4181997,NaN,-0.4951942,NaN,NaN,NaN,-0.2615561,NaN,NaN,NaN,-0.6975797,NaN,NaN,NaN,NaN,NaN,-0.6712512,NaN,NaN,NaN,-0.9867902,NaN,NaN,NaN,NaN,-0.7438527,NaN,NaN,NaN,-0.6956732,-0.4405948,NaN,NaN,NaN,NaN,NaN,NaN,NaN,NaN,NaN,NaN,NaN,NaN,NaN,NaN,NaN,-0.4412653,NaN,NaN,-0.4879987,NaN,NaN,NaN,NaN,NaN,-0.4485605,NaN,NaN,NaN,NaN,-0.4544784,NaN,NaN,NaN,NaN,NaN,NaN,-0.4074518,NaN,NaN,NaN,NaN,NaN,NaN,-0.4585874,NaN,NaN,NaN,NaN,NaN,NaN,NaN,NaN,NaN,-0.7898961,NaN,NaN,-0.2635803,NaN,NaN,NaN,NaN,NaN,NaN,NaN,NaN,NaN,NaN,NaN,NaN,NaN,NaN,NaN,-0.2581989,-0.3587545,NaN,NaN,NaN,NaN,-0.4457773,NaN,NaN,NaN,-0.6749675,-0.9531059,NaN,NaN,NaN,NaN,NaN,-0.8322049,NaN,NaN,NaN,NaN,NaN,-0.9930283,NaN,NaN,NaN,NaN,NaN,-0.7128286,-0.263315,NaN,NaN,NaN,NaN,-0.8416517,NaN,NaN,-0.3730784,-0.2637981,-0.375746,NaN,NaN,-0.7542435,-0.2877815,NaN,-0.4617618,-0.4997444,-0.4499342,-0.51061,NaN,NaN,NaN,NaN,NaN,NaN,NaN,NaN,-0.6837867,NaN,NaN,NaN,NaN,NaN,NaN,NaN,NaN,NaN,NaN,NaN,NaN,NaN,NaN,NaN,NaN,-0.460968,NaN,NaN,NaN,NaN,-0.5946897,NaN,NaN,NaN,-0.444037,NaN,NaN,NaN,NaN,NaN,NaN,-0.3174372,NaN,-0.2654009,NaN,NaN,NaN,NaN,NaN,NaN,NaN,NaN,-0.6323441,NaN,NaN,NaN,NaN,-0.8049109,NaN,NaN,-0.2963762,-0.2677323,-0.2700089,NaN,-0.3462562,NaN,NaN,NaN,-0.5594667,-0.4731336,NaN,-0.5902813,NaN,NaN,-0.2631472,NaN,NaN,-0.7561972,NaN,NaN,NaN,NaN,NaN,NaN,NaN,NaN,-0.4526125,-0.2677105,NaN,NaN,NaN,NaN,NaN,NaN,-0.8221025
